"Effect","Heterogeneity","Publication Bias","prior_prob","post_prob","inclusion_BF","BF_error_percent","effect_present","het_present","bias_present","mu_family","tau_family","omega_family","rigor_family"
"Spike(0)","Spike(0)","None",0.125,0,0,NA,FALSE,FALSE,FALSE,"mu0","tau0","omega0",FALSE
"Normal(0, 0.71)","Spike(0)","None",0.125,0.000366666666666667,0.00256760812297843,32.6316688893694,TRUE,FALSE,FALSE,"muplus","tau0","omega0",TRUE
"Spike(0)","Normal(0, 0.35)[0, Inf]","None",0.125,0.0046,0.0323488045007032,11.2028020231118,FALSE,TRUE,FALSE,"mu0","tauplus","omega0",FALSE
"Normal(0, 0.71)","Normal(0, 0.35)[0, Inf]","None",0.125,0.563833333333333,9.04891096675583,4.92808168315858,TRUE,TRUE,FALSE,"muplus","tauplus","omega0",TRUE
"Spike(0)","Spike(0)","omega[two-sided: .05]",0.0104166666666667,0,0,NA,FALSE,FALSE,TRUE,"mu0","tau0","omegaplus",FALSE
"Normal(0, 0.71)","Spike(0)","omega[two-sided: .05]",0.0104166666666667,3.33333333333333e-05,0.00316677222574086,100.003333444444,TRUE,FALSE,TRUE,"muplus","tau0","omegaplus",FALSE
"Spike(0)","Normal(0, 0.35)[0, Inf]","omega[two-sided: .05]",0.0104166666666667,2e-04,0.019003800760152,49.5219248461133,FALSE,TRUE,TRUE,"mu0","tauplus","omegaplus",FALSE
"Normal(0, 0.71)","Normal(0, 0.35)[0, Inf]","omega[two-sided: .05]",0.0104166666666667,0.0118,1.13438575187209,5.84351016853819,TRUE,TRUE,TRUE,"muplus","tauplus","omegaplus",FALSE
"Spike(0)","Spike(0)","omega[two-sided: .05, .1]",0.0104166666666667,0,0,NA,FALSE,FALSE,TRUE,"mu0","tau0","omegaplus",FALSE
"Normal(0, 0.71)","Spike(0)","omega[two-sided: .05, .1]",0.0104166666666667,0,0,NA,TRUE,FALSE,TRUE,"muplus","tau0","omegaplus",FALSE
"Spike(0)","Normal(0, 0.35)[0, Inf]","omega[two-sided: .05, .1]",0.0104166666666667,6.66666666666667e-05,0.00633375558370558,70.7153924781511,FALSE,TRUE,TRUE,"mu0","tauplus","omegaplus",FALSE
"Normal(0, 0.71)","Normal(0, 0.35)[0, Inf]","omega[two-sided: .05, .1]",0.0104166666666667,0.00356666666666667,0.340046164653932,11.0451033432954,TRUE,TRUE,TRUE,"muplus","tauplus","omegaplus",FALSE
"Spike(0)","Spike(0)","omega[one-sided: .05]",0.0104166666666667,0,0,NA,FALSE,FALSE,TRUE,"mu0","tau0","omegaplus",FALSE
"Normal(0, 0.71)","Spike(0)","omega[one-sided: .05]",0.0104166666666667,0,0,NA,TRUE,FALSE,TRUE,"muplus","tau0","omegaplus",FALSE
"Spike(0)","Normal(0, 0.35)[0, Inf]","omega[one-sided: .05]",0.0104166666666667,0.000433333333333333,0.0411845132890919,27.7431905941859,FALSE,TRUE,TRUE,"mu0","tauplus","omegaplus",FALSE
"Normal(0, 0.71)","Normal(0, 0.35)[0, Inf]","omega[one-sided: .05]",0.0104166666666667,0.0104666666666667,1.0048507714074,5.90764362537896,TRUE,TRUE,TRUE,"muplus","tauplus","omegaplus",FALSE
"Spike(0)","Spike(0)","omega[one-sided: .025, .05]",0.0104166666666667,0,0,NA,FALSE,FALSE,TRUE,"mu0","tau0","omegaplus",FALSE
"Normal(0, 0.71)","Spike(0)","omega[one-sided: .025, .05]",0.0104166666666667,3.33333333333333e-05,0.00316677222574086,100.003333444446,TRUE,FALSE,TRUE,"muplus","tau0","omegaplus",FALSE
"Spike(0)","Normal(0, 0.35)[0, Inf]","omega[one-sided: .025, .05]",0.0104166666666667,0.000466666666666667,0.0443540318815447,29.0642605862568,FALSE,TRUE,TRUE,"mu0","tauplus","omegaplus",FALSE
"Normal(0, 0.71)","Normal(0, 0.35)[0, Inf]","omega[one-sided: .025, .05]",0.0104166666666667,0.00396666666666667,0.378334058431779,10.1827653310178,TRUE,TRUE,TRUE,"muplus","tauplus","omegaplus",FALSE
"Spike(0)","Spike(0)","omega[one-sided: .05, .5]",0.0104166666666667,0,0,NA,FALSE,FALSE,TRUE,"mu0","tau0","omegaplus",FALSE
"Normal(0, 0.71)","Spike(0)","omega[one-sided: .05, .5]",0.0104166666666667,0,0,NA,TRUE,FALSE,TRUE,"muplus","tau0","omegaplus",FALSE
"Spike(0)","Normal(0, 0.35)[0, Inf]","omega[one-sided: .05, .5]",0.0104166666666667,0.0170666666666667,1.64948453608247,8.65603308435673,FALSE,TRUE,TRUE,"mu0","tauplus","omegaplus",FALSE
"Normal(0, 0.71)","Normal(0, 0.35)[0, Inf]","omega[one-sided: .05, .5]",0.0104166666666667,0.0166,1.60362009355298,5.13969618112124,TRUE,TRUE,TRUE,"muplus","tauplus","omegaplus",FALSE
"Spike(0)","Spike(0)","omega[one-sided: .025, .05, .5]",0.0104166666666667,0,0,NA,FALSE,FALSE,TRUE,"mu0","tau0","omegaplus",FALSE
"Normal(0, 0.71)","Spike(0)","omega[one-sided: .025, .05, .5]",0.0104166666666667,0,0,NA,TRUE,FALSE,TRUE,"muplus","tau0","omegaplus",FALSE
"Spike(0)","Normal(0, 0.35)[0, Inf]","omega[one-sided: .025, .05, .5]",0.0104166666666667,0.0143333333333333,1.3814677037538,9.2487879515764,FALSE,TRUE,TRUE,"mu0","tauplus","omegaplus",FALSE
"Normal(0, 0.71)","Normal(0, 0.35)[0, Inf]","omega[one-sided: .025, .05, .5]",0.0104166666666667,0.0109333333333333,1.05014828794823,6.09933249257745,TRUE,TRUE,TRUE,"muplus","tauplus","omegaplus",FALSE
"Spike(0)","Spike(0)","PET",0.03125,0,0,NA,FALSE,FALSE,TRUE,"mu0","tau0","omegaplus",FALSE
"Normal(0, 0.71)","Spike(0)","PET",0.03125,3.33333333333333e-05,0.00103336777892596,100.003333444448,TRUE,FALSE,TRUE,"muplus","tau0","omegaplus",FALSE
"Spike(0)","Normal(0, 0.35)[0, Inf]","PET",0.03125,0.159966666666667,5.90329748819491,7.94967777661251,FALSE,TRUE,TRUE,"mu0","tauplus","omegaplus",FALSE
"Normal(0, 0.71)","Normal(0, 0.35)[0, Inf]","PET",0.03125,0.0784,2.63715277777778,3.14861946853477,TRUE,TRUE,TRUE,"muplus","tauplus","omegaplus",FALSE
"Spike(0)","Spike(0)","PEESE",0.03125,0,0,NA,FALSE,FALSE,TRUE,"mu0","tau0","omegaplus",FALSE
"Normal(0, 0.71)","Spike(0)","PEESE",0.03125,6.66666666666667e-05,0.00206680445363024,70.7153924781503,TRUE,FALSE,TRUE,"muplus","tau0","omegaplus",FALSE
"Spike(0)","Normal(0, 0.35)[0, Inf]","PEESE",0.03125,0.0464333333333333,1.50952564057748,6.81104125103525,FALSE,TRUE,TRUE,"mu0","tauplus","omegaplus",FALSE
"Normal(0, 0.71)","Normal(0, 0.35)[0, Inf]","PEESE",0.03125,0.0563333333333333,1.85058283292123,3.26349590782527,TRUE,TRUE,TRUE,"muplus","tauplus","omegaplus",FALSE
