"source_article","stratum","citation_key","year","title","journal","doi","pmid","url","bibtex_entry_type","data_dir","extraction_files","match_status","notes"
"cai2012","Caffeine","caiEffectCoffeeConsumption2012","2012","The Effect of Coffee Consumption on Serum Lipids: A Meta-Analysis of Randomized Controlled Trials","European Journal of Clinical Nutrition","10.1038/ejcn.2012.68","","","article","data/Caffeine/cai2012","cai2012_caffeine_hdl_cholesterol.csv; cai2012_caffeine_hdl_cholesterol.xlsx; cai2012_caffeine_ldl_cholesterol.csv; cai2012_caffeine_ldl_cholesterol.xlsx; cai2012_caffeine_total_cholesterol.csv; cai2012_caffeine_total_cholesterol.xlsx; cai2012_caffeine_triglycerides.csv; cai2012_caffeine_triglycerides.xlsx","exact",""
"chen2024","Caffeine","chenEffectCaffeineIngestion2024","2024","Effect of Caffeine Ingestion on Time Trial Performance in Cyclists: A Systematic Review and Meta-Analysis","Journal of the International Society of Sports Nutrition","10.1080/15502783.2024.2363789","","","article","data/Caffeine/chen2024","chen2024_caffeine_time_trial_performance.xlsx; chen2024_caffeine_time_trial_performance_excl.csv","exact","stratum-disambiguated from 2 candidates (1); other keys (likely duplicates of same paper or wrong-stratum entries): chenEfficacyVitaminSupplementation2024"
"grgic2018","Caffeine","grgicEffectsCaffeineIntake2018","2018","Effects of Caffeine Intake on Muscle Strength and Power: A Systematic Review and Meta-Analysis","Journal of the International Society of Sports Nutrition","10.1186/s12970-018-0216-0","","","article","data/Caffeine/grgic2018","grgic2018_caffeine_max_muscular_strength.csv; grgic2018_caffeine_max_muscular_strength.xlsx","exact",""
"grgic2019","Caffeine","grgicEffectsCaffeineIngestion2019","2019","The Effects of Caffeine Ingestion on Isokinetic Muscular Strength: A Meta-Analysis","Journal of Science and Medicine in Sport","10.1016/j.jsams.2018.08.016","","","article","data/Caffeine/grgic2019","grgic2019_caffeine_isokinetic_muscular_strength.csv; grgic2019_caffeine_isokinetic_muscular_strength.xlsx","exact",""
"irwin2020","Caffeine","irwinEffectsAcuteCaffeine2020","2020","Effects of Acute Caffeine Consumption Following Sleep Loss on Cognitive, Physical, Occupational and Driving Performance: A Systematic Review and Meta-Analysis","Neuroscience \& Biobehavioral Reviews","10.1016/j.neubiorev.2019.12.008","","","article","data/Caffeine/irwin2020","irwin2020_caffeine_attention_accuracy.csv; irwin2020_caffeine_attention_accuracy.xlsx; irwin2020_caffeine_attention_speed.csv; irwin2020_caffeine_attention_speed.xlsx; irwin2020_caffeine_executive_function.xlsx; irwin2020_caffeine_executive_function_excl.csv; irwin2020_caffeine_processing_accuracy.csv; irwin2020_caffeine_processing_accuracy.xlsx; irwin2020_caffeine_processing_speed.xlsx; irwin2020_caffeine_processing_speed_collapsed.csv; irwin2020_caffeine_processing_speed_excl.csv","exact",""
"polito2016","Caffeine","politoAcuteEffectCaffeine2016","2016","Acute Effect of Caffeine Consumption on Isotonic Muscular Strength and Endurance: A Systematic Review and Meta-Analysis","Science \& Sports","10.1016/j.scispo.2016.01.006","","","article","data/Caffeine/polito2016","polito2016_caffeine_muscle_endurance.csv; polito2016_caffeine_muscle_endurance.xlsx","exact",""
"rayagonzalez2019","Caffeine","rayagonzalezAcuteEffectsCaffeine2020","2020","Acute Effects of Caffeine Supplementation on Movement Velocity in Resistance Exercise: A Systematic Review and Meta-analysis","Sports Medicine","10.1007/s40279-019-01211-9","","","article","data/Caffeine/rayagonzalez2019","rayagonzalez2019_caffeine_movement_velocity.csv; rayagonzalez2019_caffeine_movement_velocity.xlsx","probable","matched by surname; bib year 2020 vs src year 2019 (yr-diff 1, within ±1)"
"shen2019","Caffeine","shenEstablishingRelationshipEffect2019","2019","Establishing a Relationship between the Effect of Caffeine and Duration of Endurance Athletic Time Trial Events: A Systematic Review and Meta-Analysis","Journal of Science and Medicine in Sport","10.1016/j.jsams.2018.07.022","","","article","data/Caffeine/shen2019","shen2019_caffeine_time_trial_endurance.csv; shen2019_caffeine_time_trial_endurance.xlsx","exact",""
"southward2018","Caffeine","southwardEffectAcuteCaffeine2018","2018","The Effect of Acute Caffeine Ingestion on Endurance Performance: A Systematic Review and Meta--Analysis","Sports Medicine","10.1007/s40279-018-0939-8","","","article","data/Caffeine/southward2018","southward2018_caffeine_power_output.csv; southward2018_caffeine_power_output.xlsx; southward2018_caffeine_trial_time.xlsx; southward2018_caffeine_trial_time_excl.csv","exact",""
"wang2022","Caffeine","wangEffectsCaffeineIntake2022","2022","Effects of Caffeine Intake on Endurance Running Performance and Time to Exhaustion: A Systematic Review and Meta-Analysis","Nutrients","10.3390/nu15010148","","","article","data/Caffeine/wang2022","wang2022_caffeine_exhaustion_time.csv; wang2022_caffeine_exhaustion_time.xlsx; wang2022_caffeine_trial_time.csv; wang2022_caffeine_trial_time.xlsx","exact",""
"chilibeck2017","Creatine","chilibeckEffectCreatineSupplementation2017","2017","Effect of Creatine Supplementation during Resistance Training on Lean Tissue Mass and Muscular Strength in Older Adults: A Meta-Analysis","Open Access Journal of Sports Medicine","10.2147/OAJSM.S123529","","","article","data/Creatine/chilibeck2017","chilibeck2017_creatine_chest_press_strength.csv; chilibeck2017_creatine_chest_press_strength.xlsx; chilibeck2017_creatine_lean_tissue_mass.csv; chilibeck2017_creatine_lean_tissue_mass.xlsx; chilibeck2017_creatine_leg_press_strength.csv; chilibeck2017_creatine_leg_press_strength.xlsx","exact",""
"desai2024","Creatine","desaiEffectCreatineSupplementation2024","2024","The Effect of Creatine Supplementation on Resistance Training--Based Changes to Body Composition: A Systematic Review and Meta-analysis","Journal of Strength \& Conditioning Research","10.1519/JSC.0000000000004862","","","article","data/Creatine/desai2024","desai2024_creatine_body_fat_mass.csv; desai2024_creatine_body_fat_mass.xlsx; desai2024_creatine_body_fat_percentage.csv; desai2024_creatine_body_fat_percentage.xlsx; desai2024_creatine_lean_body_mass.csv; desai2024_creatine_lean_body_mass.xlsx","exact",""
"devries2014","Creatine","devriesCreatineSupplementationResistance2014","2014","Creatine Supplementation during Resistance Training in Older Adults---A Meta-analysis","Medicine \& Science in Sports \& Exercise","10.1249/MSS.0000000000000220","","","article","data/Creatine/devries2014","devries2014_creatine_fat_free_mass.csv; devries2014_creatine_fat_free_mass.xlsx; devries2014_creatine_total_body_mass.csv; devries2014_creatine_total_body_mass.xlsx","exact",""
"doma2022","Creatine","domaParadoxicalEffectCreatine2022","2022","The Paradoxical Effect of Creatine Monohydrate on Muscle Damage Markers: A Systematic Review and Meta-Analysis","Sports Medicine","10.1007/s40279-022-01640-z","","","article","data/Creatine/doma2022","doma2022_creatine_24h_post_protocol.csv; doma2022_creatine_24h_post_protocol.xlsx; doma2022_creatine_48h_post_protocol.xlsx","exact",""
"fernandezlanda2023","Creatine","fernandez-landaEffectsCreatineMonohydrate2023","2023","Effects of Creatine Monohydrate on Endurance Performance in a Trained Population: A Systematic Review and Meta-analysis","Sports Medicine","10.1007/s40279-023-01823-2","","","article","data/Creatine/fernandezlanda2023","fernandezlanda2023_creatine_endurance_performance.csv; fernandezlanda2023_creatine_endurance_performance.xlsx","exact",""
"kazeminasab2025","Creatine","kazeminasabEffectsCreatineSupplementation2025","2025","The Effects of Creatine Supplementation on Upper- and Lower-Body Strength and Power: A Systematic Review and Meta-Analysis","Nutrients","10.3390/nu17172748","","","article","data/Creatine/kazeminasab2025","kazeminasab2025_creatine_leg_press_strength.csv; kazeminasab2025_creatine_leg_press_strength.xlsx; kazeminasab2025_creatine_squat_strength.csv; kazeminasab2025_creatine_squat_strength.xlsx; kazeminasab2025_creatine_vertical_jump.csv; kazeminasab2025_creatine_vertical_jump.xlsx; kazeminasab2025_creatine_wingate_peak_power.csv; kazeminasab2025_creatine_wingate_peak_power.xlsx","exact",""
"lanhers2015","Creatine","lanhersCreatineSupplementationLower2015","2015","Creatine Supplementation and Lower Limb Strength Performance: A Systematic Review and Meta-Analyses","Sports Medicine","10.1007/s40279-015-0337-4","","","article","data/Creatine/lanhers2015","lanhers2015_creatine_leg_press_strength.csv; lanhers2015_creatine_leg_press_strength.xlsx; lanhers2015_creatine_squat_strength.csv; lanhers2015_creatine_squat_strength.xlsx","exact",""
"lanhers2017","Creatine","lanhersCreatineSupplementationUpper2017","2017","Creatine Supplementation and Upper Limb Strength Performance: A Systematic Review and Meta-Analysis","Sports Medicine","10.1007/s40279-016-0571-4","","","article","data/Creatine/lanhers2017","lanhers2017_creatine_chest_strength.xlsx; lanhers2017_creatine_chest_strength_excl.csv","exact","2 bib entries match exactly; selected canonical key; other matches (likely duplicate bib entries for the same paper): Lanhers_2016"
"ajala2013","Diet","ajalaSystematicReviewMetaanalysis2013","2013","Systematic Review and Meta-Analysis of Different Dietary Approaches to the Management of Type 2 Diabetes","The American Journal of Clinical Nutrition","10.3945/ajcn.112.042457","","","article","data/Diet/ajala2013","ajala2013_diet_hba1c.csv; ajala2013_diet_hba1c.xlsx","exact",""
"brandmiller2003","Diet","brand-millerLowGlycemicIndex2003","2003","Low--Glycemic Index Diets in the Management of Diabetes","Diabetes Care","10.2337/diacare.26.8.2261","","","article","data/Diet/brandmiller2003","brandmiller2003_diet_glycemic_control.csv; brandmiller2003_diet_glycemic_control.xlsx","exact",""
"bueno2013","Diet","buenoVerylowcarbohydrateKetogenicDiet2013","2013","Very-Low-Carbohydrate Ketogenic Diet \emphv. Low-Fat Diet for Long-Term Weight Loss: A Meta-Analysis of Randomised Controlled Trials","British Journal of Nutrition","10.1017/S0007114513000548","","","article","data/Diet/bueno2013","bueno2013_diet_body_weight.csv; bueno2013_diet_body_weight.xlsx; bueno2013_diet_hdl_cholesterol.csv; bueno2013_diet_hdl_cholesterol.xlsx; bueno2013_diet_ldl_cholesterol.csv; bueno2013_diet_ldl_cholesterol.xlsx; bueno2013_diet_triglycerides.csv; bueno2013_diet_triglycerides.xlsx","exact",""
"cowell2021","Diet","cowellEffectsMediterraneanDiet2021","2021","Effects of a Mediterranean Diet on Blood Pressure: A Systematic Review and Meta-Analysis of Randomized Controlled Trials and Observational Studies","Journal of Hypertension","10.1097/HJH.0000000000002667","","","article","data/Diet/cowell2021","cowell2021_diet_diastolic_blood_pressure.csv; cowell2021_diet_diastolic_blood_pressure.xlsx; cowell2021_diet_systolic_blood_pressure.csv; cowell2021_diet_systolic_blood_pressure.xlsx","exact",""
"firth2019","Diet","firthEffectsDietaryImprovement2019","2019","The Effects of Dietary Improvement on Symptoms of Depression and Anxiety: A Meta-Analysis of Randomized Controlled Trials","Psychosomatic Medicine","10.1097/PSY.0000000000000673","","","article","data/Diet/firth2019","firth2019_diet_anxiety.csv; firth2019_diet_anxiety.xlsx; firth2019_diet_depression.csv; firth2019_diet_depression.xlsx","exact",""
"greyling2020","Diet","greylingAcuteGlycemicInsulinemic2020","2020","Acute Glycemic and Insulinemic Effects of Low-Energy Sweeteners: A Systematic Review and Meta-Analysis of Randomized Controlled Trials","The American Journal of Clinical Nutrition","10.1093/ajcn/nqaa167","","","article","data/Diet/greyling2020","greyling2020_diet_nns_postprandial_glucose.csv; greyling2020_diet_nns_postprandial_glucose.xlsx; greyling2020_diet_nns_postprandial_insulin.csv; greyling2020_diet_nns_postprandial_insulin.xlsx","exact",""
"huang2015","Diet","huangVegetarianDietsWeight2016","2016","Vegetarian Diets and Weight Reduction: A Meta-Analysis of Randomized Controlled Trials","Journal of General Internal Medicine","10.1007/s11606-015-3390-7","","","article","data/Diet/huang2015","huang2015_diet_body_weight.csv; huang2015_diet_body_weight.xlsx","probable","matched by surname; bib year 2016 vs src year 2015 (yr-diff 1, within ±1)"
"laviadamolina2020","Diet","laviada-molinaEffectsNonnutritiveSweeteners2020","2020","Effects of Nonnutritive Sweeteners on Body Weight and BMI in Diverse Clinical Contexts: Systematic Review and Meta-analysis","Obesity Reviews","10.1111/obr.13020","","","article","data/Diet/laviadamolina2020","laviadamolina2020_diet_nns_body_weight.csv; laviadamolina2020_diet_nns_body_weight.xlsx","exact",""
"li2025","Diet","liEffectsNonnutritiveSweeteners2025","2025","Effects of Non-Nutritive Sweeteners on Body Weight: A Systematic Review and Meta-Analysis of Randomized Controlled Trial (RCT) Studies","Journal of Endocrinological Investigation","10.1007/s40618-025-02654-w","","","article","data/Diet/li2025","li2025_diet_nns_body_weight.csv; li2025_diet_nns_body_weight.xlsx","exact",""
"ndanuko2016","Diet","ndanukoDietaryPatternsBlood2016","2016","Dietary Patterns and Blood Pressure in Adults: A Systematic Review and Meta-Analysis of Randomized Controlled Trials","Advances in Nutrition","10.3945/an.115.009753","","","article","data/Diet/ndanuko2016","ndanuko2016_diet_diastolic_blood_pressure.csv; ndanuko2016_diet_diastolic_blood_pressure.xlsx; ndanuko2016_diet_systolic_blood_pressure.csv; ndanuko2016_diet_systolic_blood_pressure.xlsx","exact",""
"riosleyvraz2020","Diet","riosleyvrazHealthEffectsUse2022","2022","Health Effects of the Use of Non-Sugar Sweeteners: A Systematic Review and Meta-Analysis","","","","","techreport","data/Diet/riosleyvraz2020","riosleyvraz2020_diet_nns_body_mass_index.csv; riosleyvraz2020_diet_nns_body_mass_index.xlsx; riosleyvraz2020_diet_nns_body_weight.csv; riosleyvraz2020_diet_nns_body_weight.xlsx","probable","matched by surname; bib year 2022 vs src year 2020 (yr-diff 2, within ±2)"
"rogers2020","Diet","rogersEffectsLowcalorieSweeteners2021","2021","The Effects of Low-Calorie Sweeteners on Energy Intake and Body Weight: A Systematic Review and Meta-Analyses of Sustained Intervention Studies","International Journal of Obesity","10.1038/s41366-020-00704-2","","","article","data/Diet/rogers2020","rogers2020_diet_nns_body_weight.csv; rogers2020_diet_nns_body_weight.xlsx; rogers2020_diet_nns_energy_intake.csv; rogers2020_diet_nns_energy_intake.xlsx","probable","matched by surname; bib year 2021 vs src year 2020 (yr-diff 1, within ±1)"
"saneei2014","Diet","saneeiInfluenceDietaryApproaches2014","2014","Influence of Dietary Approaches to Stop Hypertension (DASH) Diet on Blood Pressure: A Systematic Review and Meta-Analysis on Randomized Controlled Trials","Nutrition, Metabolism and Cardiovascular Diseases","10.1016/j.numecd.2014.06.008","","","article","data/Diet/saneei2014","saneei2014_diet_diastolic_blood_pressure.csv; saneei2014_diet_diastolic_blood_pressure.xlsx; saneei2014_diet_systolic_blood_pressure.csv; saneei2014_diet_systolic_blood_pressure.xlsx","exact",""
"shannon2020","Diet","shannonMediterraneanDietIncreases2020","2020","Mediterranean Diet Increases Endothelial Function in Adults: A Systematic Review and Meta-Analysis of Randomized Controlled Trials","The Journal of Nutrition","10.1093/jn/nxaa002","","","article","data/Diet/shannon2020","shannon2020_diet_endothelial_function.csv; shannon2020_diet_endothelial_function.xlsx","exact",""
"zare2024","Diet","zareEffectSteviaBlood2024","2024","Effect of Stevia on Blood Glucose and HbA1C: A Meta-Analysis","Diabetes \& Metabolic Syndrome: Clinical Research \& Reviews","10.1016/j.dsx.2024.103092","","","article","data/Diet/zare2024","zare2024_diet_nns_blood_glucose.csv; zare2024_diet_nns_blood_glucose.xlsx; zare2024_diet_nns_insulin_concentration.csv; zare2024_diet_nns_insulin_concentration.xlsx","exact",""
"dai2025","Fasting","daiAdditionalEffectExercise2025","2025","Additional Effect of Exercise to Intermittent Fasting on Body Composition and Cardiometabolic Health in Adults With Overweight/Obesity: A Systematic Review and Meta-analysis","Current Obesity Reports","10.1007/s13679-025-00645-9","","","article","data/Fasting/dai2025","dai2025_fasting_fat_mass.csv; dai2025_fasting_fat_mass.xlsx","exact",""
"fernando2019","Fasting","fernandoEffectRamadanFasting2019","2019","Effect of Ramadan Fasting on Weight and Body Composition in Healthy Non-Athlete Adults: A Systematic Review and Meta-Analysis","Nutrients","10.3390/nu11020478","","","article","data/Fasting/fernando2019","fernando2019_fasting_BMI.csv; fernando2019_fasting_BMI.xlsx","exact",""
"gu2022","Fasting","guEffectsIntermittentFasting2022","2022","Effects of Intermittent Fasting in Human Compared to a Non-intervention Diet and Caloric Restriction: A Meta-Analysis of Randomized Controlled Trials","Frontiers in Nutrition","10.3389/fnut.2022.871682","","","article","data/Fasting/gu2022","gu2022_fasting_BMI.csv; gu2022_fasting_BMI.xlsx; gu2022_fasting_fat_free_mass.csv; gu2022_fasting_fat_free_mass.xlsx; gu2022_fasting_fat_mass.csv; gu2022_fasting_fat_mass.xlsx; gu2022_fasting_total_cholesterol.csv; gu2022_fasting_total_cholesterol.xlsx; gu2022_fasting_triglycerides.csv; gu2022_fasting_triglycerides.xlsx","exact",""
"jahrami2020","Fasting","jahramiSystematicReviewMetaanalysis2020","2020","A Systematic Review, Meta-Analysis, and Meta-Regression of the Impact of Diurnal Intermittent Fasting during Ramadan on Body Weight in Healthy Subjects Aged 16 Years and Above","European Journal of Nutrition","10.1007/s00394-020-02216-1","","","article","data/Fasting/jahrami2020","jahrami2020_fasting_body_weight.csv; jahrami2020_fasting_body_weight.xlsx","exact",""
"khalafi2025","Fasting","khalafiEfficacyIntermittentFasting2025","2025","Efficacy of Intermittent Fasting on Improving Liver Function in Individuals with Metabolic Disorders: A Systematic Review and Meta-Analysis","Nutrition \& Metabolism","10.1186/s12986-024-00885-x","","","article","data/Fasting/khalafi2025","khalafi2025_fasting_alanine_aminotransferase.csv; khalafi2025_fasting_alanine_aminotransferase.xlsx; khalafi2025_fasting_aspartate_aminotransferase.csv; khalafi2025_fasting_aspartate_aminotransferase.xlsx","exact",""
"kordvarkaneh2020","Fasting","kord-varkanehInfluenceFastingEnergy2020","2020","The Influence of Fasting and Energy Restricting Diets on Blood Pressure in Humans: A Systematic Review and Meta-Analysis","High Blood Pressure \& Cardiovascular Prevention","10.1007/s40292-020-00391-0","","","article","data/Fasting/kordvarkaneh2020","kordvarkaneh2020_fasting_diastolic_blood_pressure.csv; kordvarkaneh2020_fasting_diastolic_blood_pressure.xlsx; kordvarkaneh2020_fasting_systolic_blood_pressure.csv; kordvarkaneh2020_fasting_systolic_blood_pressure.xlsx","exact",""
"meng2020","Fasting","mengEffectsIntermittentFasting2020","2020","Effects of Intermittent Fasting and Energy-Restricted Diets on Lipid Profile: A Systematic Review and Meta-Analysis","Nutrition","10.1016/j.nut.2020.110801","","","article","data/Fasting/meng2020","meng2020_fasting_hdl_cholesterol.xlsx; meng2020_fasting_hdl_cholesterol_excl.csv; meng2020_fasting_ldl_cholesterol.csv; meng2020_fasting_ldl_cholesterol.xlsx; meng2020_fasting_total_cholesterol.csv; meng2020_fasting_total_cholesterol.xlsx; meng2020_fasting_triglycerides.csv; meng2020_fasting_triglycerides.xlsx","exact",""
"vieira2016","Fasting","vieiraEffectsAerobicExercise2016","2016","Effects of Aerobic Exercise Performed in Fasted \emphv. Fed State on Fat and Carbohydrate Metabolism in Adults: A Systematic Review and Meta-Analysis","British Journal of Nutrition","10.1017/S0007114516003160","","","article","data/Fasting/vieira2016","vieira2016_fasting_fat_oxidation.csv; vieira2016_fasting_fat_oxidation.xlsx; vieira2016_fasting_serum_glucose.csv; vieira2016_fasting_serum_glucose.xlsx; vieira2016_fasting_serum_insulin.csv; vieira2016_fasting_serum_insulin.xlsx","exact",""
"wang2020","Fasting","wangEffectsIntermittentFasting2020","2020","Effects of Intermittent Fasting Diets on Plasma Concentrations of Inflammatory Biomarkers: A Systematic Review and Meta-Analysis of Randomized Controlled Trials","Nutrition","10.1016/j.nut.2020.110974","","","article","data/Fasting/wang2020","wang2020_fasting_C_reactive_protein.xlsx; wang2020_fasting_C_reactive_protein_excl.csv","exact",""
"xie2024","Fasting","xieEffectsTimeRestrictedEating2024","2024","The Effects of Time-Restricted Eating on Fat Loss in Adults with Overweight and Obese Depend upon the Eating Window and Intervention Strategies: A Systematic Review and Meta-Analysis","Nutrients","10.3390/nu16193390","","","article","data/Fasting/xie2024","xie2024_fasting_body_fat.xlsx; xie2024_fasting_body_fat_excl.csv; xie2024_fasting_lean_mass.csv; xie2024_fasting_lean_mass.xlsx","exact",""
"yang2021","Fasting","yangEffectEpidemicIntermittent2021","2021","Effect of Epidemic Intermittent Fasting on Cardiometabolic Risk Factors: A Systematic Review and Meta-Analysis of Randomized Controlled Trials","Frontiers in Nutrition","10.3389/fnut.2021.669325","","","article","data/Fasting/yang2021","yang2021_fasting_blood_glucose.csv; yang2021_fasting_blood_glucose.xlsx; yang2021_fasting_body_weight.csv; yang2021_fasting_body_weight.xlsx; yang2021_fasting_triglycerides.csv; yang2021_fasting_triglycerides.xlsx","exact",""
"chiavaroli2015","Fiber","chiavaroliDietaryFiberEffects2015","2015","Dietary Fiber Effects in Chronic Kidney Disease: A Systematic Review and Meta-Analysis of Controlled Feeding Trials","European Journal of Clinical Nutrition","10.1038/ejcn.2014.237","","","article","data/Fiber/chiavaroli2015","chiavaroli2015_fiber_creatinine.csv; chiavaroli2015_fiber_creatinine.xlsx; chiavaroli2015_fiber_urea.csv; chiavaroli2015_fiber_urea.xlsx","exact",""
"gupta2025","Fiber","guptaEffectSolubleFiber2025","2025","Effect of Soluble Fiber Supplementation on Lipid Parameters in Subjects with Type 2 Diabetes: A Systematic Review and Meta-Analysis of Randomized Controlled Trials","Prostaglandins \& Other Lipid Mediators","10.1016/j.prostaglandins.2024.106939","","","article","data/Fiber/gupta2025","gupta2025_fiber_hdl_cholesterol.csv; gupta2025_fiber_hdl_cholesterol.xlsx; gupta2025_fiber_ldl_cholesterol.csv; gupta2025_fiber_ldl_cholesterol.xlsx; gupta2025_fiber_total_cholesterol.xlsx; gupta2025_fiber_total_cholesterol_excl.csv; gupta2025_fiber_triglycerides.xlsx; gupta2025_fiber_triglycerides_excl.csv","exact",""
"jovanovski2019","Fiber","jovanovskiShouldViscousFiber2019","2019","Should Viscous Fiber Supplements Be Considered in Diabetes Control? Results From a Systematic Review and Meta-analysis of Randomized Controlled Trials","Diabetes Care","10.2337/dc18-1126","","","article","data/Fiber/jovanovski2019","jovanovski2019_fiber_fasting_glucose.csv; jovanovski2019_fiber_fasting_glucose.xlsx; jovanovski2019_fiber_hba1c.csv; jovanovski2019_fiber_hba1c.xlsx; jovanovski2019_fiber_homa_ir.xlsx; jovanovski2019_fiber_homa_ir_excl.csv","exact",""
"khan2018","Fiber","khanEffectViscousSoluble2018","2018","The Effect of Viscous Soluble Fiber on Blood Pressure: A Systematic Review and Meta-Analysis of Randomized Controlled Trials","Nutrition, Metabolism and Cardiovascular Diseases","10.1016/j.numecd.2017.09.007","","","article","data/Fiber/khan2018","khan2018_fiber_diastolic_bp.csv; khan2018_fiber_diastolic_bp.xlsx; khan2018_fiber_systolic_bp.csv; khan2018_fiber_systolic_bp.xlsx","exact",""
"post2012","Fiber","postDietaryFiberTreatment2012","2012","Dietary Fiber for the Treatment of Type 2 Diabetes Mellitus: A Meta-Analysis","The Journal of the American Board of Family Medicine","10.3122/jabfm.2012.01.110148","","","article","data/Fiber/post2012","post2012_fiber_fasting_glucose.csv; post2012_fiber_fasting_glucose.xlsx; post2012_fiber_hba1c.csv; post2012_fiber_hba1c.xlsx","exact",""
"silva2013","Fiber","silvaFiberIntakeGlycemic2013","2013","Fiber Intake and Glycemic Control in Patients with Type 2 Diabetes Mellitus: A Systematic Review with Meta-Analysis of Randomized Controlled Trials","Nutrition Reviews","10.1111/nure.12076","","","article","data/Fiber/silva2013","silva2013_fiber_fasting_glucose.csv; silva2013_fiber_fasting_glucose.xlsx; silva2013_fiber_hba1c.csv; silva2013_fiber_hba1c.xlsx","exact",""
"so2018","Fiber","soDietaryFiberIntervention2018","2018","Dietary Fiber Intervention on Gut Microbiota Composition in Healthy Adults: A Systematic Review and Meta-Analysis","The American Journal of Clinical Nutrition","10.1093/ajcn/nqy041","","","article","data/Fiber/so2018","so2018_fiber_bifidobacterium.csv; so2018_fiber_bifidobacterium.xlsx; so2018_fiber_lactobacillus.csv; so2018_fiber_lactobacillus.xlsx","exact",""
"streppel2005","Fiber","streppelDietaryFiberBlood2005","2005","Dietary Fiber and Blood Pressure: A Meta-Analysis of Randomized Placebo-Controlled Trials","Archives of Internal Medicine","10.1001/archinte.165.2.150","","","article","data/Fiber/streppel2005","streppel2005_fiber_diastolic_bp.csv; streppel2005_fiber_diastolic_bp.xlsx; streppel2005_fiber_systolic_bp.csv; streppel2005_fiber_systolic_bp.xlsx","exact",""
"thompson2017","Fiber","thompsonEffectsIsolatedSoluble2017","2017","Effects of Isolated Soluble Fiber Supplementation on Body Weight, Glycemia, and Insulinemia in Adults with Overweight and Obesity: A Systematic Review and Meta-Analysis of Randomized Controlled Trials","The American Journal of Clinical Nutrition","10.3945/ajcn.117.163246","","","article","data/Fiber/thompson2017","thompson2017_fiber_body_weight.xlsx; thompson2017_fiber_body_weight_excl.csv","exact",""
"whelton2005","Fiber","wheltonEffectDietaryFiber2005","2005","Effect of Dietary Fiber Intake on Blood Pressure: A Meta-Analysis of Randomized, Controlled Clinical Trials","Journal of Hypertension","10.1097/01.hjh.0000160199.51158.cf","","","article","data/Fiber/whelton2005","whelton2005_fiber_diastolic_bp.csv; whelton2005_fiber_diastolic_bp.xlsx; whelton2005_fiber_systolic_bp.csv; whelton2005_fiber_systolic_bp.xlsx","exact",""
"abdelhamid2018","Omega3","abdelhamidOmega3FattyAcids2020","2020","Omega-3 Fatty Acids for the Primary and Secondary Prevention of Cardiovascular Disease","Cochrane Database of Systematic Reviews","10.1002/14651858.CD003177.pub5","","","article","data/Omega3/abdelhamid2018","abdelhamid2018_omega3_all_cause_mortality.csv; abdelhamid2018_omega3_all_cause_mortality.xlsx; abdelhamid2018_omega3_cardiovascular_events.csv; abdelhamid2018_omega3_cardiovascular_events.xlsx; abdelhamid2018_omega3_coronary_heart_disease_events.csv; abdelhamid2018_omega3_coronary_heart_disease_events.xlsx; abdelhamid2018_omega3_stroke.csv; abdelhamid2018_omega3_stroke.xlsx; abdelhamid2018_omega3_triglycerides.csv; abdelhamid2018_omega3_triglycerides.xlsx","probable","matched by surname; bib year 2020 vs src year 2018 (yr-diff 2, within ±2)"
"bloch2012","Omega3","blochOmega3FattyAcids2012","2012","Omega-3 Fatty Acids for the Treatment of Depression: Systematic Review and Meta-Analysis","Molecular Psychiatry","10.1038/mp.2011.100","","","article","data/Omega3/bloch2012","bloch2012_omega3_depression.xlsx; bloch2012_omega3_depression_excl.csv","exact",""
"brown2019","Omega3","brownOmega3Omega6Total2019","2019","Omega-3, Omega-6, and Total Dietary Polyunsaturated Fat for Prevention and Treatment of Type 2 Diabetes Mellitus: Systematic Review and Meta-Analysis of Randomised Controlled Trials","BMJ","10.1136/bmj.l4697","","","article","data/Omega3/brown2019","brown2019_omega3_fasting_glucose.csv; brown2019_omega3_fasting_glucose.xlsx","exact",""
"goldberg2007","Omega3","goldbergMetaanalysisAnalgesicEffects2007","2007","A Meta-Analysis of the Analgesic Effects of Omega-3 Polyunsaturated Fatty Acid Supplementation for Inflammatory Joint Pain","Pain","10.1016/j.pain.2007.01.020","","","article","data/Omega3/goldberg2007","goldberg2007_omega3_pain_assessment.csv; goldberg2007_omega3_pain_assessment.xlsx; goldberg2007_omega3_painful_tender_joints.csv; goldberg2007_omega3_painful_tender_joints.xlsx","exact",""
"grosso2014","Omega3","grossoRoleOmega3Fatty2014","2014","Role of Omega-3 Fatty Acids in the Treatment of Depressive Disorders: A Comprehensive Meta-Analysis of Randomized Clinical Trials","PLoS ONE","10.1371/journal.pone.0096905","","","article","data/Omega3/grosso2014","grosso2014_omega3_depression_diagnosis.csv; grosso2014_omega3_depression_diagnosis.xlsx","exact",""
"hu2019","Omega3","huMarineOmega3Supplementation2019","2019","Marine Omega-3 Supplementation and Cardiovascular Disease: An Updated Meta-Analysis of 13 Randomized Controlled Trials Involving 127 477 Participants","Journal of the American Heart Association","10.1161/JAHA.119.013543","","","article","data/Omega3/hu2019","hu2019_omega3_cardiovascular_disease_death.csv; hu2019_omega3_cardiovascular_disease_death.xlsx; hu2019_omega3_coronary_heart_disease_death.csv; hu2019_omega3_coronary_heart_disease_death.xlsx; hu2019_omega3_myocardial_infarction.csv; hu2019_omega3_myocardial_infarction.xlsx","exact",""
"khorshidi2022","Omega3","khorshidiEffectOmega3Supplementation2023","2023","Effect of Omega-3 Supplementation on Lipid Profile in Children and Adolescents: A Systematic Review and Meta-Analysis of Randomized Clinical Trials","Nutrition Journal","10.1186/s12937-022-00826-5","","","article","data/Omega3/khorshidi2022","khorshidi2022_omega3_triglycerides.csv; khorshidi2022_omega3_triglycerides.xlsx","probable","matched by surname; bib year 2023 vs src year 2022 (yr-diff 1, within ±1)"
"kong2025","Omega3","kongExplorationOptimizedPortrait2025a","2025","Exploration of the Optimized Portrait of Omega-3 Polyunsaturated Fatty Acids in Treating Depression: A Meta-Analysis of Randomized-Controlled Trials","Journal of Affective Disorders","10.1016/j.jad.2025.03.006","","","article","data/Omega3/kong2025","kong2025_omega3_depression.xlsx","exact","2 bib entries match exactly; selected canonical key; other matches (likely duplicate bib entries for the same paper): kongExplorationOptimizedPortrait2025"
"kotwal2012","Omega3","kotwalOmega3Fatty2012","2012","Omega 3 Fatty Acids and Cardiovascular Outcomes: Systematic Review and Meta-Analysis","Circulation: Cardiovascular Quality and Outcomes","10.1161/CIRCOUTCOMES.112.966168","","","article","data/Omega3/kotwal2012","kotwal2012_omega3_cardiovascular_outcomes.csv; kotwal2012_omega3_cardiovascular_outcomes.xlsx","exact",""
"liao2019","Omega3","liaoEfficacyOmega3PUFAs2019","2019","Efficacy of Omega-3 PUFAs in Depression: A Meta-Analysis","Translational Psychiatry","10.1038/s41398-019-0515-5","","","article","data/Omega3/liao2019","liao2019_omega3_depression.csv; liao2019_omega3_depression.xlsx","exact",""
"rizos2012","Omega3","rizosAssociationOmega3Fatty2012","2012","Association between Omega-3 Fatty Acid Supplementation and Risk of Major Cardiovascular Disease Events: A Systematic Review and Meta-Analysis","JAMA","10.1001/2012.jama.11374","","","article","data/Omega3/rizos2012","rizos2012_omega3_all_cause_mortality.csv; rizos2012_omega3_all_cause_mortality.xlsx","exact",""
"serra2021","Omega3","serraSupplementationOmega32021","2021","Supplementation of Omega 3 during Pregnancy and the Risk of Preterm Birth: A Systematic Review and Meta-Analysis","Nutrients","10.3390/nu13051704","","","article","data/Omega3/serra2021","serra2021_omega3_preterm_birth.csv; serra2021_omega3_preterm_birth.xlsx","exact",""
"su2018","Omega3","suAssociationUseOmega32018","2018","Association of Use of Omega-3 Polyunsaturated Fatty Acids With Changes in Severity of Anxiety Symptoms: A Systematic Review and Meta-analysis","JAMA Network Open","10.1001/jamanetworkopen.2018.2327","","","article","data/Omega3/su2018","su2018_omega3_anxiety.csv; su2018_omega3_anxiety.xlsx","exact",""
"wang2012","Omega3","wangEffectOmega3Fatty2012","2012","Effect of Omega-3 Fatty Acids Supplementation on Endothelial Function: A Meta-Analysis of Randomized Controlled Trials","Atherosclerosis","10.1016/j.atherosclerosis.2012.01.006","","","article","data/Omega3/wang2012","wang2012_omega3_endothelium_independent_vasodilation.csv; wang2012_omega3_endothelium_independent_vasodilation.xlsx; wang2012_omega3_flow_mediated_dilation.csv; wang2012_omega3_flow_mediated_dilation.xlsx","exact",""
"cermak2012","Protein","cermakProteinSupplementationAugments2012","2012","Protein Supplementation Augments the Adaptive Response of Skeletal Muscle to Resistance-Type Exercise Training: A Meta-Analysis","The American Journal of Clinical Nutrition","10.3945/ajcn.112.037556","","","article","data/Protein/cermak2012","cermak2012_protein_lean_body_mass.csv; cermak2012_protein_lean_body_mass.xlsx; cermak2012_protein_leg_press_strength.csv; cermak2012_protein_leg_press_strength.xlsx","exact",""
"finger2015","Protein","fingerEffectsProteinSupplementation2015","2015","Effects of Protein Supplementation in Older Adults Undergoing Resistance Training: A Systematic Review and Meta-Analysis","Sports Medicine","10.1007/s40279-014-0269-4","","","article","data/Protein/finger2015","finger2015_protein_lean_body_mass.csv; finger2015_protein_lean_body_mass.xlsx; finger2015_protein_muscle_mass.csv; finger2015_protein_muscle_mass.xlsx","exact",""
"liao2017","Protein","liaoEffectsProteinSupplementation2017","2017","Effects of Protein Supplementation Combined with Resistance Exercise on Body Composition and Physical Function in Older Adults: A Systematic Review and Meta-Analysis","The American Journal of Clinical Nutrition","10.3945/ajcn.116.143594","","","article","data/Protein/liao2017","liao2017_protein_lean_body_mass.xlsx; liao2017_protein_lean_body_mass_excl.csv; liao2017_protein_leg_strength.csv; liao2017_protein_leg_strength.xlsx","exact",""
"milne2006","Protein","milneMetaanalysisProteinEnergy2006","2006","Meta-Analysis: Protein and Energy Supplementation in Older People","Annals of Internal Medicine","","","","article","data/Protein/milne2006","milne2006_protein_complications.csv; milne2006_protein_complications.xlsx; milne2006_protein_mortality.csv; milne2006_protein_mortality.xlsx","exact",""
"morton2018","Protein","mortonSystematicReviewMetaanalysis2018","2018","A Systematic Review, Meta-Analysis and Meta-Regression of the Effect of Protein Supplementation on Resistance Training-Induced Gains in Muscle Mass and Strength in Healthy Adults","British Journal of Sports Medicine","10.1136/bjsports-2017-097608","","","article","data/Protein/morton2018","morton2018_protein_lean_body_mass.csv; morton2018_protein_lean_body_mass.xlsx; morton2018_protein_muscle_fiber_size.csv; morton2018_protein_muscle_fiber_size.xlsx; morton2018_protein_muscle_strength.csv; morton2018_protein_muscle_strength.xlsx","exact",""
"nunes2022","Protein","nunesSystematicReviewMetaanalysis2022","2022","Systematic Review and Meta-analysis of Protein Intake to Support Muscle Mass and Function in Healthy Adults","Journal of Cachexia, Sarcopenia and Muscle","10.1002/jcsm.12922","","","article","data/Protein/nunes2022","nunes2022_protein_bench_press_strength.xlsx; nunes2022_protein_bench_press_strength_excl.csv; nunes2022_protein_lean_body_mass.xlsx; nunes2022_protein_lean_body_mass_excl.csv; nunes2022_protein_leg_strength.csv; nunes2022_protein_leg_strength.xlsx","exact","2 bib entries match exactly; selected canonical key; other matches (likely duplicate bib entries for the same paper): nunes2022systematic"
"orsso2024","Protein","orssoEffectsHighproteinSupplementation2024","2024","Effects of High-Protein Supplementation during Cancer Therapy: A Systematic Review and Meta-Analysis","The American Journal of Clinical Nutrition","10.1016/j.ajcnut.2024.08.016","","","article","data/Protein/orsso2024","orsso2024_protein_body_weight.csv; orsso2024_protein_body_weight.xlsx","exact",""
"schoenfeld2017","Protein","schoenfeldEffectProteinTiming2013","2013","The Effect of Protein Timing on Muscle Strength and Hypertrophy: A Meta-Analysis","Journal of the International Society of Sports Nutrition","10.1186/1550-2783-10-53","","","article","data/Protein/schoenfeld2017","schoenfeld2017_protein_muscle_size.csv; schoenfeld2017_protein_muscle_size.xlsx; schoenfeld2017_protein_muscle_strength.csv; schoenfeld2017_protein_muscle_strength.xlsx","probable","matched by surname; bib year 2013 vs src year 2017 (yr-diff 4, within ±4)"
"wycherley2010","Protein","wycherleyEffectsEnergyrestrictedHighprotein2012","2012","Effects of Energy-Restricted High-Protein, Low-Fat Compared with Standard-Protein, Low-Fat Diets: A Meta-Analysis of Randomized Controlled Trials","The American Journal of Clinical Nutrition","10.3945/ajcn.112.044321","","","article","data/Protein/wycherley2010","wycherley2010_protein_body_weight.csv; wycherley2010_protein_body_weight.xlsx; wycherley2010_protein_fat_mass.csv; wycherley2010_protein_fat_mass.xlsx; wycherley2010_protein_lean_body_mass.csv; wycherley2010_protein_lean_body_mass.xlsx; wycherley2010_protein_triglycerides.csv; wycherley2010_protein_triglycerides.xlsx","probable","matched by surname; bib year 2012 vs src year 2010 (yr-diff 2, within ±2)"
"autier2007","VitaminD","autierVitaminSupplementationTotal2007","2007","Vitamin D Supplementation and Total Mortality: A Meta-Analysis of Randomized Controlled Trials","Archives of Internal Medicine","10.1001/archinte.167.16.1730","","","article","data/VitaminD/autier2007","autier2007_vitamind_total_mortality.csv; autier2007_vitamind_total_mortality.xlsx","exact",""
"bergman2013","VitaminD","bergmanVitaminRespiratoryTract2013","2013","Vitamin D and Respiratory Tract Infections: A Systematic Review and Meta-Analysis of Randomized Controlled Trials","PLoS ONE","10.1371/journal.pone.0065835","","","article","data/VitaminD/bergman2013","bergman2013_vitamind_respiratory_tract_infection.csv; bergman2013_vitamind_respiratory_tract_infection.xlsx","exact",""
"beveridge2015","VitaminD","beveridgeEffectVitaminSupplementation2015","2015","Effect of Vitamin D Supplementation on Blood Pressure: A Systematic Review and Meta-analysis Incorporating Individual Patient Data","JAMA Internal Medicine","10.1001/jamainternmed.2015.0237","","","article","data/VitaminD/beveridge2015","beveridge2015_vitamind_systolic_blood_pressure.csv; beveridge2015_vitamind_systolic_blood_pressure.xlsx","exact",""
"bischoffferrari2005","VitaminD","bischoff-ferrariFracturePreventionVitamin2005","2005","Fracture Prevention With Vitamin D Supplementation: A Meta-analysis of Randomized Controlled Trials","JAMA","10.1001/jama.293.18.2257","","","article","data/VitaminD/bischoffferrari2005","bischoffferrari2005_vitamind_nonvertebral_fracture.csv; bischoffferrari2005_vitamind_nonvertebral_fracture.xlsx","exact",""
"bischoffferrari2009","VitaminD","bischoff-ferrariFallPreventionSupplemental2009","2009","Fall Prevention with Supplemental and Active Forms of Vitamin D: A Meta-Analysis of Randomised Controlled Trials","BMJ","10.1136/bmj.b3692","","","article","data/VitaminD/bischoffferrari2009","bischoffferrari2009_vitamind_falls.csv; bischoffferrari2009_vitamind_falls.xlsx","exact",""
"bjelakovic2014","VitaminD","bjelakovicVitaminSupplementationPrevention2014","2014","Vitamin D Supplementation for Prevention of Mortality in Adults","Cochrane Database of Systematic Reviews","10.1002/14651858.CD007470.pub3","","","article","data/VitaminD/bjelakovic2014","bjelakovic2014_vitamind_all_cause_mortality.csv; bjelakovic2014_vitamind_all_cause_mortality.xlsx","exact",""
"chen2024","VitaminD","chenEfficacyVitaminSupplementation2024","2024","Efficacy of Vitamin D Supplementation on Glycaemic Control in Type 2 Diabetes: An Updated Systematic Review and Meta-analysis of Randomized Controlled Trials","Diabetes, Obesity and Metabolism","10.1111/dom.15941","","","article","data/VitaminD/chen2024","chen2024_vitamind_fasting_blood_glucose.csv; chen2024_vitamind_fasting_blood_glucose.xlsx; chen2024_vitamind_fasting_insulin.csv; chen2024_vitamind_fasting_insulin.xlsx; chen2024_vitamind_hba1c.csv; chen2024_vitamind_hba1c.xlsx; chen2024_vitamind_homa_ir.xlsx; chen2024_vitamind_homa_ir_excl.csv","exact","stratum-disambiguated from 2 candidates (1); other keys (likely duplicates of same paper or wrong-stratum entries): chenEffectCaffeineIngestion2024"
"jolliffe2021","VitaminD","jolliffeVitaminSupplementationPrevent2021","2021","Vitamin D Supplementation to Prevent Acute Respiratory Infections: A Systematic Review and Meta-Analysis of Aggregate Data from Randomised Controlled Trials","The Lancet Diabetes \& Endocrinology","10.1016/S2213-8587(21)00051-6","","","article","data/VitaminD/jolliffe2021","jolliffe2021_vitamind_acute_respiratory_infections.csv; jolliffe2021_vitamind_acute_respiratory_infections.xlsx","exact",""
"juraschek2012","VitaminD","juraschekEffectsVitaminSupplementation2012","2012","Effects of Vitamin C Supplementation on Blood Pressure: A Meta-Analysis of Randomized Controlled Trials","The American Journal of Clinical Nutrition","10.3945/ajcn.111.027995","","","article","data/VitaminD/juraschek2012","juraschek2012_vitamind_diastolic_blood_pressure.csv; juraschek2012_vitamind_diastolic_blood_pressure.xlsx; juraschek2012_vitamind_systolic_blood_pressure.csv; juraschek2012_vitamind_systolic_blood_pressure.xlsx","exact",""
"macpherson2013","VitaminD","macphersonMultivitaminmultimineralSupplementationMortality2013","2013","Multivitamin-Multimineral Supplementation and Mortality: A Meta-Analysis of Randomized Controlled Trials","The American Journal of Clinical Nutrition","10.3945/ajcn.112.049304","","","article","data/VitaminD/macpherson2013","macpherson2013_vitamind_all_cause_mortality.csv; macpherson2013_vitamind_all_cause_mortality.xlsx","exact",""
"martineau2017","VitaminD","martineauVitaminSupplementationPrevent2017","2017","Vitamin D Supplementation to Prevent Acute Respiratory Tract Infections: Systematic Review and Meta-Analysis of Individual Participant Data","BMJ","10.1136/bmj.i6583","","","article","data/VitaminD/martineau2017","martineau2017_vitamind_respiratory_tract_infections.csv; martineau2017_vitamind_respiratory_tract_infections.xlsx","exact",""
"mayowilson2011","VitaminD","mayo-wilsonVitaminSupplementsPreventing2011","2011","Vitamin A Supplements for Preventing Mortality, Illness, and Blindness in Children Aged under 5: Systematic Review and Meta-Analysis","BMJ","10.1136/bmj.d5094","","","article","data/VitaminD/mayowilson2011","mayowilson2011_vitamind_all_cause_mortality.csv; mayowilson2011_vitamind_all_cause_mortality.xlsx; mayowilson2011_vitamind_diarrhoea_incidence.csv; mayowilson2011_vitamind_diarrhoea_incidence.xlsx","exact",""
"rakshasbhuvankar2021","VitaminD","rakshasbhuvankarVitaminSupplementationVerypreterm2021","2021","Vitamin A Supplementation in Very-Preterm or Very-Low-Birth-Weight Infants to Prevent Morbidity and Mortality: A Systematic Review and Meta-Analysis of Randomized Trials","The American Journal of Clinical Nutrition","10.1093/ajcn/nqab294","","","article","data/VitaminD/rakshasbhuvankar2021","rakshasbhuvankar2021_vitamind_mortality.csv; rakshasbhuvankar2021_vitamind_mortality.xlsx","exact",""
"reid2014","VitaminD","reidEffectsVitaminSupplements2014","2014","Effects of Vitamin D Supplements on Bone Mineral Density: A Systematic Review and Meta-Analysis","The Lancet","10.1016/S0140-6736(13)61647-5","","","article","data/VitaminD/reid2014","reid2014_vitamind_femoral_bone_mineral_density.csv; reid2014_vitamind_femoral_bone_mineral_density.xlsx; reid2014_vitamind_lumbar_bone_mineral_density.csv; reid2014_vitamind_lumbar_bone_mineral_density.xlsx","exact",""
"stockton2011","VitaminD","stocktonEffectVitaminSupplementation2010","2011","Effect of Vitamin D Supplementation on Muscle Strength: A Systematic Review and Meta-Analysis","Osteoporosis International","10.1007/s00198-010-1407-y","","","article","data/VitaminD/stockton2011","stockton2011_vitamind_muscle_strength.csv; stockton2011_vitamind_muscle_strength.xlsx","exact",""
"yao2019","VitaminD","yaoVitaminCalciumPrevention2019","2019","Vitamin D and Calcium for the Prevention of Fracture: A Systematic Review and Meta-analysis","JAMA Network Open","10.1001/jamanetworkopen.2019.17789","","","article","data/VitaminD/yao2019","yao2019_vitamind_any_fracture.csv; yao2019_vitamind_any_fracture.xlsx","exact",""
"zhang2019","VitaminD","zhangAssociationVitaminSupplementation2019","2019","Association between Vitamin D Supplementation and Mortality: Systematic Review and Meta-Analysis","BMJ","10.1136/bmj.l4673","","","article","data/VitaminD/zhang2019","zhang2019_vitamind_all_cause_mortality.csv; zhang2019_vitamind_all_cause_mortality.xlsx","exact",""
